{
  "episode": 500,
  "episode_rewards": [
    1.6399999999999877,
    11.539999999999798,
    4.939999999999918,
    0.9300000000000015,
    3.7399999999999434,
    4.769999999999964,
    3.8799999999999404,
    3.8299999999999415,
    2.5299999999999687,
    2.740000000000001,
    2.8700000000000014,
    4.629999999999924,
    11.359999999999802,
    4.669999999999966,
    1.4699999999999913,
    4.659999999999924,
    4.869999999999962,
    4.269999999999975,
    4.97999999999996,
    6.089999999999893,
    2.509999999999969,
    8.759999999999879,
    2.1599999999999766,
    3.569999999999989,
    6.599999999999925,
    2.3400000000000007,
    2.559999999999968,
    5.089999999999957,
    4.809999999999963,
    3.2599999999999536,
    3.669999999999987,
    3.7399999999999434,
    3.9699999999999807,
    5.609999999999946,
    1.9599999999999809,
    1.7499999999999853,
    5.3099999999999525,
    2.450000000000001,
    5.979999999999896,
    4.729999999999922,
    2.369999999999972,
    5.179999999999955,
    4.289999999999932,
    5.429999999999907,
    3.629999999999988,
    5.9699999999999385,
    6.409999999999929,
    2.9999999999999587,
    3.329999999999952,
    1.769999999999985,
    11.509999999999799,
    5.369999999999909,
    3.9399999999999813,
    12.039999999999788,
    5.189999999999955,
    8.459999999999843,
    3.2099999999999547,
    4.02999999999998,
    0.9400000000000015,
    0.8500000000000014,
    7.689999999999902,
    1.8699999999999828,
    1.7499999999999853,
    4.119999999999978,
    8.849999999999834,
    1.06,
    3.06,
    5.999999999999938,
    5.279999999999953,
    5.439999999999907,
    4.01999999999998,
    4.919999999999961,
    4.819999999999963,
    3.52999999999999,
    3.959999999999981,
    2.0299999999999794,
    4.649999999999967,
    5.90999999999994,
    9.65999999999986,
    7.059999999999915,
    7.029999999999873,
    5.259999999999911,
    6.189999999999934,
    5.169999999999913,
    3.349999999999994,
    1.1299999999999986,
    4.769999999999964,
    0.8500000000000014,
    3.8699999999999406,
    4.599999999999968,
    6.019999999999937,
    2.4000000000000012,
    2.609999999999967,
    5.929999999999939,
    3.7799999999999847,
    2.749999999999964,
    11.08999999999983,
    11.239999999999826,
    11.739999999999794,
    11.90999999999979,
    2.1199999999999775,
    3.2299999999999964,
    5.579999999999947,
    5.259999999999954,
    4.329999999999931,
    2.039999999999979,
    4.079999999999979,
    4.849999999999962,
    7.739999999999858,
    5.069999999999915,
    3.619999999999946,
    4.929999999999918,
    6.6699999999999235,
    1.299999999999995,
    2.6299999999999666,
    2.5899999999999674,
    2.5999999999999672,
    1.3299999999999943,
    2.9099999999999606,
    10.659999999999838,
    5.4999999999999485,
    6.879999999999919,
    2.9000000000000012,
    7.369999999999909,
    3.109999999999999,
    4.949999999999918,
    3.329999999999952,
    5.189999999999955,
    6.149999999999935,
    4.619999999999967,
    6.219999999999933,
    2.2499999999999747,
    3.9799999999999804,
    2.5299999999999687,
    1.2899999999999952,
    1.5999999999999885,
    4.00999999999998,
    3.489999999999991,
    2.0699999999999785,
    8.629999999999882,
    5.279999999999953,
    2.8799999999999613,
    5.509999999999948,
    2.8699999999999615,
    5.689999999999944,
    7.9399999999998965,
    6.9999999999999165,
    6.469999999999885,
    2.0199999999999796,
    0.5600000000000012,
    4.219999999999976,
    4.719999999999965,
    2.00999999999998,
    2.6400000000000015,
    2.5399999999999685,
    5.289999999999953,
    2.8099999999999627,
    7.739999999999858,
    9.759999999999858,
    6.139999999999935,
    9.419999999999865,
    6.569999999999926,
    3.809999999999984,
    9.249999999999869,
    3.6999999999999442,
    1.6099999999999883,
    3.519999999999948,
    0.9400000000000015,
    4.0899999999999785,
    1.5899999999999888,
    8.339999999999888,
    5.689999999999944,
    2.509999999999969,
    3.9899999999999802,
    3.7299999999999436,
    3.7799999999999847,
    4.519999999999969,
    2.4399999999999706,
    7.209999999999912,
    2.8699999999999615,
    4.719999999999965,
    4.079999999999936,
    2.189999999999976,
    4.779999999999921,
    6.739999999999879,
    0.7800000000000014,
    2.8199999999999625,
    5.109999999999957,
    5.079999999999957,
    5.059999999999958,
    4.809999999999921,
    6.37999999999993,
    7.0199999999998735,
    3.010000000000001,
    1.7499999999999853,
    4.619999999999967,
    4.48999999999997,
    1.9699999999999807,
    4.129999999999978,
    10.10999999999985,
    3.0399999999999583,
    3.1699999999999977,
    3.479999999999991,
    6.989999999999874,
    11.719999999999795,
    2.229999999999975,
    2.649999999999966,
    1.7099999999999862,
    5.469999999999949,
    5.479999999999949,
    3.569999999999989,
    5.739999999999901,
    2.569999999999968,
    7.669999999999902,
    4.109999999999978,
    9.459999999999864,
    2.709999999999965,
    4.799999999999963,
    8.62999999999984,
    9.52999999999982,
    2.45999999999997,
    5.869999999999941,
    6.259999999999932,
    6.889999999999876,
    8.60999999999984,
    4.289999999999932,
    2.7600000000000016,
    8.809999999999878,
    7.479999999999864,
    4.8899999999999615,
    2.3499999999999726,
    4.989999999999917,
    0.400000000000001,
    2.749999999999964,
    1.4299999999999922,
    5.199999999999955,
    1.7899999999999845,
    4.619999999999967,
    4.679999999999923,
    7.649999999999903,
    1.8299999999999836,
    5.579999999999947,
    5.819999999999942,
    3.7899999999999423,
    3.1899999999999973,
    2.9800000000000013,
    3.9199999999999817,
    3.5999999999999885,
    0.5900000000000012,
    6.219999999999933,
    1.8899999999999824,
    2.0900000000000007,
    1.5999999999999885,
    4.96999999999996,
    3.4199999999999924,
    5.819999999999942,
    7.8899999999998975,
    6.3899999999999295,
    1.7599999999999851,
    8.999999999999831,
    9.019999999999873,
    3.329999999999952,
    3.6499999999999453,
    4.579999999999968,
    2.8900000000000015,
    2.189999999999976,
    6.189999999999934,
    5.289999999999953,
    6.019999999999895,
    7.31999999999991,
    4.249999999999975,
    5.2799999999999105,
    8.469999999999885,
    4.339999999999973,
    1.8299999999999836,
    5.649999999999945,
    4.239999999999975,
    6.509999999999927,
    2.9700000000000015,
    6.279999999999889,
    4.959999999999917,
    4.269999999999975,
    6.2199999999998905,
    4.079999999999979,
    4.259999999999975,
    6.949999999999875,
    5.959999999999939,
    2.5999999999999672,
    2.5799999999999677,
    6.1099999999999355,
    5.869999999999941,
    4.199999999999976,
    1.9299999999999815,
    2.570000000000001,
    4.2799999999999745,
    2.45999999999997,
    1.7799999999999847,
    1.4199999999999924,
    4.379999999999972,
    3.469999999999949,
    6.759999999999922,
    11.429999999999822,
    1.8799999999999826,
    4.659999999999924,
    4.659999999999966,
    2.5899999999999674,
    2.089999999999978,
    5.87999999999994,
    2.5799999999999677,
    1.909999999999982,
    2.2599999999999745,
    4.94999999999996,
    5.539999999999948,
    4.579999999999968,
    4.859999999999962,
    3.7999999999999843,
    5.229999999999954,
    6.209999999999891,
    2.6900000000000013,
    6.409999999999929,
    3.1799999999999975,
    1.7299999999999858,
    3.279999999999953,
    5.209999999999955,
    2.709999999999965,
    2.6799999999999655,
    4.01999999999998,
    4.049999999999979,
    3.759999999999985,
    2.509999999999969,
    0.8900000000000015,
    6.079999999999936,
    6.2199999999998905,
    2.450000000000001,
    3.4599999999999493,
    3.3999999999999506,
    1.8799999999999826,
    8.049999999999851,
    4.329999999999973,
    3.3999999999999506,
    4.48999999999997,
    4.869999999999919,
